<?xml version="1.0" encoding="utf-8" standalone="yes" ?>
<Window size="600,200" caption="0,0,0,39" roundcorner="4,4">

  <Font name="微软雅黑" id="0" size="14" default="true" />
  <Font name="微软雅黑" id="1" size="14" bold="true" />
  <Font name="微软雅黑" id="2" size="16" />
  <Font name="微软雅黑" id="3" size="16" bold="true" />
  <Font name="微软雅黑" id="4" size="20" />
  <Font name="微软雅黑" id="5" size="12" />

  <Default name="VScrollBar" value="button1normalimage=&quot;file='scrollbar.bmp' source='0,90,16,106' mask='#FFFF00FF'&quot; button1hotimage=&quot;file='scrollbar.bmp' source='18,90,34,106' mask='#FFFF00FF'&quot; button1pushedimage=&quot;file='scrollbar.bmp' source='36,90,52,106' mask='#FFFF00FF'&quot; button1disabledimage=&quot;file='scrollbar.bmp' source='54,90,70,106' mask='#FFFF00FF'&quot; button2normalimage=&quot;file='scrollbar.bmp' source='0,108,16,124' mask='#FFFF00FF'&quot; button2hotimage=&quot;file='scrollbar.bmp' source='18,108,34,124' mask='#FFFF00FF'&quot; button2pushedimage=&quot;file='scrollbar.bmp' source='36,108,52,124' mask='#FFFF00FF'&quot; button2disabledimage=&quot;file='scrollbar.bmp' source='54,108,70,124' mask='#FFFF00FF'&quot; thumbnormalimage=&quot;file='scrollbar.bmp' source='0,126,16,142' corner='2,2,2,2' mask='#FFFF00FF'&quot; thumbhotimage=&quot;file='scrollbar.bmp' source='18,126,34,142' corner='2,2,2,2' mask='#FFFF00FF'&quot; thumbpushedimage=&quot;file='scrollbar.bmp' source='36,126,52,142' corner='2,2,2,2' mask='#FFFF00FF'&quot; thumbdisabledimage=&quot;file='scrollbar.bmp' source='54,126,70,142' corner='2,2,2,2' mask='#FFFF00FF'&quot; railnormalimage=&quot;file='scrollbar.bmp' source='0,144,16,160' corner='2,2,2,2' mask='#FFFF00FF'&quot; railhotimage=&quot;file='scrollbar.bmp' source='18,144,34,160' corner='2,2,2,2' mask='#FFFF00FF'&quot; railpushedimage=&quot;file='scrollbar.bmp' source='36,144,52,160' corner='2,2,2,2' mask='#FFFF00FF'&quot; raildisabledimage=&quot;file='scrollbar.bmp' source='54,144,70,160' corner='2,2,2,2' mask='#FFFF00FF'&quot; bknormalimage=&quot;file='scrollbar.bmp' source='0,162,16,178' corner='2,2,2,2' mask='#FFFF00FF'&quot; bkhotimage=&quot;file='scrollbar.bmp' source='18,162,34,178' corner='2,2,2,2' mask='#FFFF00FF'&quot; bkpushedimage=&quot;file='scrollbar.bmp' source='36,162,52,178' corner='2,2,2,2' mask='#FFFF00FF'&quot; bkdisabledimage=&quot;file='scrollbar.bmp' source='54,162,70,178' corner='2,2,2,2' mask='#FFFF00FF'&quot; " />

  <TabLayout name="@glb_tablayout" selectedid="0">
    <!--程序加载页面-->
    <Container name="@loading" width="300" height="200" userdata="300,200" bkimage="file='bg2.png' corner='200,40,4,4'">
      <Button name="closebtn" float="true" pos="250,1,0,0" width="49" height="20" textcolor="#FF000000" disabledtextcolor="#FFA7A6AA" align="center" normalimage="close.png" hotimage="close-1.png" pushedimage="close-2.png" focusedimage="close-1.png" />
      <Label name="status" text="正在加载..." align="center" float="true" pos="0,40,600,160" font="4" />
    </Container>

    <!--登录页面-->
    <Container name="@login" width="490" height="380" userdata="490,380">
      <Container name="login_info" width="490" height="380" visible="true" bkimage="file='bg.png' corner='4,4,4,4'">
        <Button name="closebtn"  float="true" pos="459,1,489,27" normalimage="file='sysbtn.png' source='30,0,60,26'" hotimage="file='sysbtn.png' source='30,26,60,52'" pushedimage="file='sysbtn.png' source='30,52,60,78'" />
        <Edit name="edit_un" float="true" font="2" pos="90,175,365,217" bkcolor="#FFFFFFFF" textpadding="55,3,4,3" textcolor="#FF000000" normalimage="edit.png" focusedimage="edit-1.png" />
        <Control float="true" pos="101,186,121,206" bkimage="uico.png" />
        <Edit name="edit_pw" float="true" font="2" pos="90,225,365,267" bkcolor="#FFFFFFFF" textpadding="55,3,4,3" textcolor="#FF000000" normalimage="edit.png" focusedimage="edit-1.png" />
        <Control float="true" pos="101,236,121,256" bkimage="pico.png" />
        <Button name="btn_regist" text="免费注册" float="true" pos="375,185,430,200" hottextcolor="#FF47A7C4" />
        <Button name="btn_fpw" text="找回密码" float="true" pos="375,230,430,255" hottextcolor="#FF47A7C4" />
        <Option name="opt_rpw" text="记住密码" float="true" pos="90,285,200,310" textpadding="0,0,0,0" selected="true" normalimage="file='check.png' source='0,17,17,34' dest='0,4,17,21'" selectedimage="file='check.png' source='0,0,17,17' dest='0,4,17,21'" />
        <Button name="btn_login" text="登录" font="2" textcolor="#FFFFFFFF" float="true" pos="90,320,225,360" normalimage="file='btn_s1.png' corner='4,4,4,4' source='0,0,100,40'" hotimage="file='btn_s1.png' corner='4,4,4,4' source='0,40,100,80'" pushedimage="file='btn_s1.png' corner='4,4,4,4' source='0,80,100,120'" />
        <Button name="btn_tryout" text="免费登录" font="2" textcolor="#FF8B2B00" float="true" pos="230,320,365,360" normalimage="file='btn_s2.png' corner='4,4,4,4' source='0,0,100,40'" hotimage="file='btn_s2.png' corner='4,4,4,4' source='0,40,100,80'" pushedimage="file='btn_s2.png' corner='4,4,4,4' source='0,80,100,120'" />
      </Container>
      <Container name="login_wait" width="490" height="380" visible="false" bkimage="file='bg-on.png' corner='4,4,4,4'">
        <Label name="lab_loginstatus" text="您的账号正在登陆中..." float="true" pos="10,200,480,230" font="2" align="center" />
        <Button name="btn_cancel_login" text="取消登录" font="2" textcolor="#FF8B2B00" float="true" pos="170,295,320,335" normalimage="file='btn_s2.png' corner='4,4,4,4' source='0,0,100,40'" hotimage="file='btn_s2.png' corner='4,4,4,4' source='0,40,100,80'" pushedimage="file='btn_s2.png' corner='4,4,4,4' source='0,80,100,120'" />
      </Container>
    </Container>

    <!--工作页面-->
    <Container name="@workspace" width="790" height="570" userdata="790,570" bkimage="file='main.png' corner='200,40,4,4'">
      <!--此控件为配置功能专用，在显示上没有实际意义-->
      <UserConfig name="ui_config" userconfig="0" />
      
      <Button name="minbtn" float="true" pos="730,0,760,26" normalimage="file='sysbtn.png' source='0,0,30,26'" hotimage="file='sysbtn.png' source='0,26,30,52'" pushedimage="file='sysbtn.png' source='0,52,30,78'" />
      <Button name="closebtn" float="true" pos="760,0,790,26" normalimage="file='sysbtn.png' source='30,0,60,26'" hotimage="file='sysbtn.png' source='30,26,60,52'" pushedimage="file='sysbtn.png' source='30,52,60,78'" />

      <Option name="Btn_svrList" visible="false" showhtml="true" textcolor="#FFFFFFFF" float="true" pos="27,30,112,135" hotimage="page_hot.png" pushedimage="page_on.png" selectedimage="page_on.png" selected="true"/>
      <Button name="Btn_buy" float="true" pos="378,30,477,110" textcolor="#FFFFFFFF" font="0" showhtml="true" hotimage="page_hot.png" pushedimage="page_on.png" selectedimage="page_on.png" />
      <Button name="Btn_mobile_lines" float="true" showhtml="true" textcolor="#FFFFFFFF" font="0" pos="478,30,577,110" width="100" height="85" hotimage="page_hot.png" pushedimage="page_on.png" selectedimage="page_on.png"/>
      <Button name="Btn_help" float="true" pos="578,30,677,110" textcolor="#FFFFFFFF" showhtml="true" font="0" width="100" height="85" hotimage="page_hot.png" pushedimage="page_on.png" selectedimage="page_on.png" />
      <Button name="Btn_lianxi" float="true" pos="678,30,777,110" textcolor="#FFFFFFFF" showhtml="true" font="0" width="100" height="85" hotimage="page_hot.png" pushedimage="page_on.png" selectedimage="page_on.png"/>
      <Button name="Btn_user_center" visible="false" showhtml="true" textcolor="#FFFFFFFF" float="true" hottextcolor="#FF4EBBB3" hotimage="page_hot.png" pushedimage="page_on.png" selectedimage="page_on.png"/>
      <Button name="Btn_service" visible="false" showhtml="true" textcolor="#FFFFFFFF" float="true" hottextcolor="#FF4EBBB3" hotimage="page_hot.png" pushedimage="page_on.png" selectedimage="page_on.png"/>
      <Button name="Btn_lingqu_big" visible="false" float="true" pos="654,33,741,120" font="2" textcolor="#FFFFFFFF" disabledtextcolor="#FF96D57A" showhtml="true" align="center" hotimage="pagebg_on.png" pushedimage="pagebg_foc.png" />

      <!--操作区-->
      <TabLayout name="switch" float="true" pos="1,110,789,569">
        <Container float="true" pos="0,0,788,459">
          <Container float="true" pos="0,0,332,459" bkcolor="#FFFAFAFA" >

            <Button name="lbl_head" visible="false" float="true" pos="610,8,676,74" bkimage="touxiang.png" userdata="touxiang_try.png" disabled="true" />
            <Control name="ico_tmico" visible="false" float="true" pos="630,95,660,125" bkimage="tmico.png" tag="1" />
            <Text name="lab_day_timeout" visible="false" text="已过期" float="true" pos="725,100,800,130" textcolor="#FFFE6104" font="2" />
            <Label name="lab_name_tryout" visible="false" text="试用账号" float="true" pos="690,13,800,38" textcolor="#FFFD6208" disabledtextcolor="#FFA7A6AA" font="2" />

            <Label name="lbl_name" text="账户：" float="true" pos="10,25,80,45" />
            <Label name="lab_name" text="" font="1" float="true" pos="80,25,230,45" textcolor="#FFFE6102" />
            <Label name="lbl_day" text="剩余时间：" float="true" pos="10,65,80,85" />
            <Label name="lab_day" text="" font="1" float="true" pos="80,65,230,85" textcolor="#FFFE6102" />
            <Button name="Btn_user_center_min" text="用户中心" float="true" pos="250,20,325,50" textcolor="#FFFFFFFF" normalimage="file='btn_s3.png' corner='4,4,4,4' source='0,0,81,33'" hotimage="file='btn_s3.png' corner='4,4,4,4' source='0,33,81,66'" pushedimage="file='btn_s3.png' corner='4,4,4,4' source='0,66,81,99'"/>
            <Button name="Btn_binding" text="绑定账户" float="true" pos="250,20,325,50" textcolor="#FFFFFFFF" normalimage="file='btn_s3.png' corner='4,4,4,4' source='0,0,81,33'" hotimage="file='btn_s3.png' corner='4,4,4,4' source='0,33,81,66'" pushedimage="file='btn_s3.png' corner='4,4,4,4' source='0,66,81,99'" />
            <Button name="Btn_chongzhi" text="充值" float="true" pos="250,60,325,90" textcolor="#FFFFFFFF" normalimage="file='btn_s3.png' corner='4,4,4,4' source='0,0,81,33'" hotimage="file='btn_s3.png' corner='4,4,4,4' source='0,33,81,66'" pushedimage="file='btn_s3.png' corner='4,4,4,4' source='0,66,81,99'" />

            <Label name="con_type" text="连接模式：" float="true" pos="10,110,80,130"/>
            <Option name="Opt_ss" text="高速模式" align="left" float="true" pos="85,110,160,130" textpadding="15,0,0,0" group="xieyi" normalimage="file='radio.png' source='0,12,12,24' dest='0,4,12,16'" selectedimage="file='radio.png' source='0,0,12,12' dest='0,4,12,16'" selected="true"/>
            <Option name="Opt_ikev2" text="IKEv2" align="left" float="true" pos="245,110,320,130" textpadding="15,0,0,0"  group="xieyi" normalimage="file='radio.png' source='0,12,12,24' dest='0,4,12,16'" selectedimage="file='radio.png' source='0,0,12,12' dest='0,4,12,16'" />
            <Option name="Opt_pptp" text="PPTP" align="left" float="true" pos="175,110,240,130" textpadding="15,0,0,0"  group="xieyi" normalimage="file='radio.png' source='0,12,12,24' dest='0,4,12,16'" selectedimage="file='radio.png' source='0,0,12,12' dest='0,4,12,16'" />
            <Label name="acc_type" text="加速模式：" float="true" pos="10,140,80,160" />
            <Option name="Opt_part" text="只加速国外" align="left" float="true" pos="85,140,190,160" textpadding="15,0,0,0" group="moshi" selected="true" normalimage="file='radio.png' source='0,12,12,24' dest='0,4,12,16'" selectedimage="file='radio.png' source='0,0,12,12' dest='0,4,12,16'" />
            <Option name="Opt_all" text="全部加速" align="left" float="true" pos="200,140,300,160" textpadding="15,0,0,0" group="moshi" normalimage="file='radio.png' source='0,12,12,24' dest='0,4,12,16'" selectedimage="file='radio.png' source='0,0,12,12' dest='0,4,12,16'" />
            <Option name="Opt_qiehuan" text="失败自动切换" visible="false" float="true" pos="240,85,340,110" textpadding="15,0,0,0" textcolor="#FF000000" disabledtextcolor="#FFA7A6AA" align="center" normalimage="file='fxui.png' source='0,13,13,26' dest='0,6,13,19'" selected="true" selectedimage="file='fxui.png' source='0,0,13,13' dest='0,6,13,19'" />
            <!--分隔线-->
            <Control float="true" pos="10,180,315,181" bkcolor="#FFE6E6E6" />

            <!--<Option name="Opt_qiehuan" text="失败自动切换" visible="false" float="true" pos="20,309,0,0" width="100" height="32" textpadding="15,0,0,0" textcolor="#FF000000" align="center" normalimage="file='gouxuan02.png' dest='0,8,14,22'" selected="true" selectedimage="file='gouxuan01.png' dest='0,8,14,22'" />-->
            <Button name="Btn_lianjie" text="连接" float="true" showhtml="true" textcolor="#FFFFFFFF" pos="10,190,110,230" normalimage="file='btn_s1.png' corner='4,4,4,4' source='0,0,100,40'" hotimage="file='btn_s1.png' corner='4,4,4,4' source='0,40,100,80'" disabledimage="file='btn_s1.png' corner='4,4,4,4' source='0,120,100,160'" />
            <Button name="Btn_duankai" text="断开" float="true" showhtml="true" textcolor="#FFFFFFFF" pos="115,190,215,230" normalimage="file='btn_s1.png' corner='4,4,4,4' source='0,0,100,40'" hotimage="file='btn_s1.png' corner='4,4,4,4' source='0,40,100,80'" disabledimage="file='btn_s1.png' corner='4,4,4,4' source='0,120,100,160'" />
            <Button name="Btn_lingqu" text="领取" float="true" showhtml="true" textcolor="#FF8B2B00" pos="220,190,320,230" normalimage="file='btn_s2.png' corner='4,4,4,4' source='0,0,100,40'" hotimage="file='btn_s2.png' corner='4,4,4,4' source='0,40,100,80'" disabledimage="file='btn_s2.png' corner='4,4,4,4' source='0,120,100,160'" />

            <ActiveX name="page_show" float="true" visible="true" pos="10,240,325,420" clsid="{8856F961-340A-11D0-A96B-00C04FD705A2}" delaycreate="false" />
          </Container>

          <!--分隔线-->
          <Control float="true" pos="332,0,334,420" bkcolor="#FFCFCFCF" />

          <Container float="true" pos="334,0,788,80" bkcolor="#FFF7F7F7">
            <Text name="lab_area" visible="false" />
            <Option name="line_0" text="line0" align="left" textpadding="15,0,0,0" visible="false" float="true" pos="20,25,100,45" group="country" normalimage="file='radio.png' source='0,12,12,24' dest='0,4,12,16'" selectedimage="file='radio.png' source='0,0,12,12' dest='0,4,12,16'" />
            <Option name="line_1" text="line1" align="left" textpadding="15,0,0,0" visible="false" float="true" pos="110,25,190,45" group="country" normalimage="file='radio.png' source='0,12,12,24' dest='0,4,12,16'" selectedimage="file='radio.png' source='0,0,12,12' dest='0,4,12,16'" />
            <Option name="line_2" text="line2" align="left" textpadding="15,0,0,0" visible="false" float="true" pos="200,25,280,45" group="country" normalimage="file='radio.png' source='0,12,12,24' dest='0,4,12,16'" selectedimage="file='radio.png' source='0,0,12,12' dest='0,4,12,16'" />
            <Option name="line_3" text="line3" align="left" textpadding="15,0,0,0" visible="false" float="true" pos="290,25,370,45" group="country" normalimage="file='radio.png' source='0,12,12,24' dest='0,4,12,16'" selectedimage="file='radio.png' source='0,0,12,12' dest='0,4,12,16'" />
            <Option name="line_4" text="line4" align="left" textpadding="15,0,0,0" visible="false" float="true" pos="380,25,460,45" group="country" normalimage="file='radio.png' source='0,12,12,24' dest='0,4,12,16'" selectedimage="file='radio.png' source='0,0,12,12' dest='0,4,12,16'" />
            <Option name="line_5" text="line5" align="left" textpadding="15,0,0,0" visible="false" float="true" pos="20,50,100,70" group="country" normalimage="file='radio.png' source='0,12,12,24' dest='0,4,12,16'" selectedimage="file='radio.png' source='0,0,12,12' dest='0,4,12,16'" />
            <Option name="line_6" text="line6" align="left" textpadding="15,0,0,0" visible="false" float="true" pos="110,50,190,70" group="country" normalimage="file='radio.png' source='0,12,12,24' dest='0,4,12,16'" selectedimage="file='radio.png' source='0,0,12,12' dest='0,4,12,16'" />
            <Option name="line_7" text="line7" align="left" textpadding="15,0,0,0" visible="false" float="true" pos="200,50,280,70" group="country" normalimage="file='radio.png' source='0,12,12,24' dest='0,4,12,16'" selectedimage="file='radio.png' source='0,0,12,12' dest='0,4,12,16'" />
            <Option name="line_8" text="line8" align="left" textpadding="15,0,0,0" visible="false" float="true" pos="290,50,370,70" group="country" normalimage="file='radio.png' source='0,12,12,24' dest='0,4,12,16'" selectedimage="file='radio.png' source='0,0,12,12' dest='0,4,12,16'" />
            <Option name="line_9" text="line9" align="left" textpadding="15,0,0,0" visible="false" float="true" pos="380,50,460,70" group="country" normalimage="file='radio.png' source='0,12,12,24' dest='0,4,12,16'" selectedimage="file='radio.png' source='0,0,12,12' dest='0,4,12,16'" />
          </Container>

          <List name="list_servers" float="true" pos="334,85,788,420" itemfont="5" vscrollbar="true" itemhotbkcolor="#FFE9F5FF" itemselectedbkcolor="#FFFCF21E"
                userdata="iconts:CFF000000;linets:CFF00AFFF;descts:CFF000000;delayts:CFF00AFFF,I1;loadts:CFF000000;selts:CFF239816;loadprog:0">
            <ListHeader name="domain" sepimm="false" height="25">
              <ListHeaderItem name="lh_icon" visible="false" width="1" text="" sepwidth="1" sepcolor="#FFDBDBDB" />
              <ListHeaderItem name="lh_line" width="75" text="线路名称" bkcolor="#FFF2F2F2" bkcolor2="#FFFFFFFF" sepwidth="1" sepcolor="#FFDBDBDB" />
              <ListHeaderItem name="lh_desc" width="225" text="描述" bkcolor="#FFF2F2F2" bkcolor2="#FFFFFFFF" sepwidth="1" sepcolor="#FFDBDBDB" />
              <ListHeaderItem name="lh_delay" width="70" text="Ping" bkcolor="#FFF2F2F2" bkcolor2="#FFFFFFFF" sepwidth="1" sepcolor="#FFDBDBDB" />
              <ListHeaderItem name="lh_load" width="60" text="繁忙度" bkcolor="#FFF2F2F2" bkcolor2="#FFFFFFFF" sepwidth="0" sepcolor="#FFDBDBDB" />
            </ListHeader>
          </List>

          <Text name="lab_status" text="状态：未连接" showhtml="true" float="true" pos="18,433,240,453" textpadding="2,0,2,0" />
          <Text name="lab_isp" text="当前线路："  float="true" align="center" pos="240,433,460,453" textpadding="2,0,2,0" />
          <Text name="lab_accline" text="加速线路：" float="true" pos="460,433,770,453" textpadding="2,0,2,0" />
        </Container>
        <Container>
          <!--内置WEB页面区-->
          <ActiveX name="web_frame" pos="0,0,0,0" width="933" height="527" clsid="{8856F961-340A-11D0-A96B-00C04FD705A2}" delaycreate="false" />
        </Container>
        <Container>
          <!--游戏加速区-->
        </Container>
      </TabLayout>
    </Container>
  </TabLayout>
</Window>


